Workbook

Sheet Secuencial
A1: Multiplicación de Matrices | Secuencial
A2: Dimensión (N) | B2: Rep 1 | C2: Rep 2 | D2: Rep 3 | E2: Rep 4 | F2: Rep 5 | G2: Rep 6 | H2: Rep 7 | I2: Rep 8 | J2: Rep 9 | K2: Rep 10 | L2: Promedio (ms) | M2: Speedup
A3: 10 x 10 | L3: =AVERAGE(B3:K3) | M3: 1
A4: 100 x 100 | L4: =AVERAGE(B4:K4) | M4: 1
A5: 200 x 200 | L5: =AVERAGE(B5:K5) | M5: 1
A6: 400 x 400 | L6: =AVERAGE(B6:K6) | M6: 1
A7: 800 x 800 | L7: =AVERAGE(B7:K7) | M7: 1
A8: 1600 x 1600 | L8: =AVERAGE(B8:K8) | M8: 1
A9: 3200 x 3200 | L9: =AVERAGE(B9:K9) | M9: 1

Sheet Resumen
A1: Resumen comparativo | Multiplicación de Matrices HPC
A2: Dimensión (N) | B2: Secuencial Promedio (ms) | C2: Secuencial Speedup
A3: 10 x 10 | B3: =IFERROR('Secuencial'!L3, "N/D") | C3: =IFERROR('Secuencial'!M3, "N/D")
A4: 100 x 100 | B4: =IFERROR('Secuencial'!L4, "N/D") | C4: =IFERROR('Secuencial'!M4, "N/D")
A5: 200 x 200 | B5: =IFERROR('Secuencial'!L5, "N/D") | C5: =IFERROR('Secuencial'!M5, "N/D")
A6: 400 x 400 | B6: =IFERROR('Secuencial'!L6, "N/D") | C6: =IFERROR('Secuencial'!M6, "N/D")
A7: 800 x 800 | B7: =IFERROR('Secuencial'!L7, "N/D") | C7: =IFERROR('Secuencial'!M7, "N/D")
A8: 1600 x 1600 | B8: =IFERROR('Secuencial'!L8, "N/D") | C8: =IFERROR('Secuencial'!M8, "N/D")
A9: 3200 x 3200 | B9: =IFERROR('Secuencial'!L9, "N/D") | C9: =IFERROR('Secuencial'!M9, "N/D")

Sheet Gráficas
A1: Tabla auxiliar para gráficas
A2: Dimensión | B2: Secuencial
A3: 10 | B3: =IFERROR(Resumen!B3, 0)
A4: 100 | B4: =IFERROR(Resumen!B4, 0)
A5: 200 | B5: =IFERROR(Resumen!B5, 0)
A6: 400 | B6: =IFERROR(Resumen!B6, 0)
A7: 800 | B7: =IFERROR(Resumen!B7, 0)
A8: 1600 | B8: =IFERROR(Resumen!B8, 0)
A9: 3200 | B9: =IFERROR(Resumen!B9, 0)
A12: Dimensión
A13: 10 | B13: =IFERROR(Resumen!C3, 0)
A14: 100 | B14: =IFERROR(Resumen!C4, 0)
A15: 200 | B15: =IFERROR(Resumen!C5, 0)
A16: 400 | B16: =IFERROR(Resumen!C6, 0)
A17: 800 | B17: =IFERROR(Resumen!C7, 0)
A18: 1600 | B18: =IFERROR(Resumen!C8, 0)
A19: 3200 | B19: =IFERROR(Resumen!C9, 0)
